<?xml version="1.0"?>
<!-- Copyright (C) 2013 Free Software Foundation, Inc.

     Copying and distribution of this file, with or without modification,
     are permitted in any medium without royalty provided the copyright
     notice and this notice are preserved.  -->

<!-- I386 with MPX- Includes Linux-only special "register".  -->

<!DOCTYPE target SYSTEM "gdb-target.dtd">
<target>
  <architecture>i386</architecture>
  <osabi>GNU/Linux</osabi>
  <xi:include href="32bit-core.xml"/>
  <xi:include href="32bit-sse.xml"/>
  <xi:include href="32bit-linux.xml"/>
  <xi:include href="32bit-avx.xml"/>
  <xi:include href="32bit-mpx.xml"/>
</target>
